Entity,Code,Year,"Percentage of teachers in primary education who are trained, both sexes (%) (%)"
>>Algeria,,,
Algeria,DZA,1999,93.72814178
Algeria,DZA,2000,94.63773346
Algeria,DZA,2001,95.67701721
Algeria,DZA,2002,97.12654114
Algeria,DZA,2003,97.91976166
Algeria,DZA,2004,98.34559631
Algeria,DZA,2005,98.52628326
Algeria,DZA,2006,99.26721954
Algeria,DZA,2007,98.85814667
Algeria,DZA,2014,94.70822906
>>Andorra,,,
Andorra,AND,2006,100
Andorra,AND,2007,100
Andorra,AND,2008,100
Andorra,AND,2009,100
Andorra,AND,2010,100
Andorra,AND,2011,100
Andorra,AND,2012,100
Andorra,AND,2013,100
Andorra,AND,2014,100
>>Angola,,,
Angola,AGO,2011,47.48641968
>>Antigua and Barbuda,,,
Antigua and Barbuda,ATG,2000,46.90647125
Antigua and Barbuda,ATG,2007,67.28624725
Antigua and Barbuda,ATG,2008,52.88888931
Antigua and Barbuda,ATG,2009,57.12229919
Antigua and Barbuda,ATG,2010,54.75233841
Antigua and Barbuda,ATG,2011,64.83956909
Antigua and Barbuda,ATG,2012,60.1324501
Antigua and Barbuda,ATG,2014,70.16806793
>>Arab World,,,
Arab World,,2004,96.56257629
Arab World,,2005,93.79306793
Arab World,,2006,92.04280853
Arab World,,2007,90.8495636
Arab World,,2008,90.36605072
Arab World,,2009,91.16853333
Arab World,,2010,90.93186951
Arab World,,2012,83.11422729
Arab World,,2013,84.73973083
Arab World,,2014,84.86540222
>>Armenia,,,
Armenia,ARM,1999,89.32563019
Armenia,ARM,2004,66.6566391
Armenia,ARM,2005,77.45596313
>>Aruba,,,
Aruba,ABW,1999,100
Aruba,ABW,2000,100
Aruba,ABW,2001,100
Aruba,ABW,2002,100
Aruba,ABW,2003,100
Aruba,ABW,2004,100
Aruba,ABW,2005,100
Aruba,ABW,2006,99.47551727
Aruba,ABW,2007,100
Aruba,ABW,2008,99.48187256
Aruba,ABW,2009,99.82817841
Aruba,ABW,2010,100
Aruba,ABW,2011,99.83444214
Aruba,ABW,2012,99.5008316
>>Azerbaijan,,,
Azerbaijan,AZE,1999,99.97554779
Azerbaijan,AZE,2000,99.93328094
Azerbaijan,AZE,2001,99.9432373
Azerbaijan,AZE,2002,100
Azerbaijan,AZE,2003,99.62545776
Azerbaijan,AZE,2004,99.8189621
Azerbaijan,AZE,2005,99.97633362
Azerbaijan,AZE,2006,99.98140717
Azerbaijan,AZE,2007,99.99772644
Azerbaijan,AZE,2008,99.94087219
Azerbaijan,AZE,2009,99.91635132
Azerbaijan,AZE,2010,99.97936249
Azerbaijan,AZE,2011,99.98844147
Azerbaijan,AZE,2012,99.99272156
Azerbaijan,AZE,2013,99.56842041
Azerbaijan,AZE,2014,99.56842041
>>Bahamas,,,
Bahamas,BHS,1999,58.4372406
Bahamas,BHS,2002,95.12075043
Bahamas,BHS,2004,91.53488159
Bahamas,BHS,2006,88.82227325
Bahamas,BHS,2007,94.4628067
Bahamas,BHS,2008,91.08444214
Bahamas,BHS,2009,84.42041779
Bahamas,BHS,2010,91.54871368
>>Bahrain,,,
Bahrain,BHR,2011,80.33598328
Bahrain,BHR,2012,82.06233978
Bahrain,BHR,2013,82.1942215
Bahrain,BHR,2014,82.76753998
>>Bangladesh,,,
Bangladesh,BGD,2005,53.40219879
Bangladesh,BGD,2006,51.43223953
Bangladesh,BGD,2007,55.99900055
Bangladesh,BGD,2008,54.36333084
Bangladesh,BGD,2009,58.40753174
Bangladesh,BGD,2011,57.73414993
>>Barbados,,,
Barbados,BRB,2005,73.24710846
Barbados,BRB,2007,70.37991333
Barbados,BRB,2008,60.9540596
Barbados,BRB,2009,58.05849075
Barbados,BRB,2010,58.49597931
Barbados,BRB,2011,55.40697861
Barbados,BRB,2014,100
>>Belarus,,,
Belarus,BLR,2002,97.90377808
Belarus,BLR,2003,97.74236298
Belarus,BLR,2004,98.52777863
Belarus,BLR,2005,99.79721832
Belarus,BLR,2006,99.62960815
Belarus,BLR,2007,99.81006622
Belarus,BLR,2008,99.77155304
Belarus,BLR,2009,99.86620331
Belarus,BLR,2010,99.76158142
Belarus,BLR,2011,99.87734985
Belarus,BLR,2012,99.64398956
Belarus,BLR,2013,99.62850952
Belarus,BLR,2014,99.43707275
>>Belize,,,
Belize,BLZ,2000,54.08641052
Belize,BLZ,2001,40.89762878
Belize,BLZ,2003,40.9850502
Belize,BLZ,2004,51.44617844
Belize,BLZ,2006,39.37638855
Belize,BLZ,2007,45.4585495
Belize,BLZ,2008,42.75772095
Belize,BLZ,2009,42.53762817
Belize,BLZ,2010,45.20489883
Belize,BLZ,2011,47.51150131
Belize,BLZ,2012,54.34432983
Belize,BLZ,2013,48.77629852
Belize,BLZ,2014,60.74967957
>>Benin,,,
Benin,BEN,1999,57.69818878
Benin,BEN,2000,64.99717712
Benin,BEN,2003,77.99960327
Benin,BEN,2004,72.17684174
Benin,BEN,2009,40.39822006
Benin,BEN,2010,42.63103104
Benin,BEN,2011,46.8895607
Benin,BEN,2014,67.59375
>>Bermuda,,,
Bermuda,BMU,2001,100
Bermuda,BMU,2002,100
Bermuda,BMU,2003,100
Bermuda,BMU,2004,100
Bermuda,BMU,2005,100
Bermuda,BMU,2006,100
Bermuda,BMU,2011,100
Bermuda,BMU,2012,100
Bermuda,BMU,2013,75.56719208
Bermuda,BMU,2014,100
>>Bhutan,,,
Bhutan,BTN,1998,93.70594025
Bhutan,BTN,1999,100
Bhutan,BTN,2000,94.8259201
Bhutan,BTN,2001,91.58460236
Bhutan,BTN,2005,93.81829834
Bhutan,BTN,2006,92.0068512
Bhutan,BTN,2008,91.4671936
>>Bolivia,,,
Bolivia,BOL,2000,90.59555054
>>Botswana,,,
Botswana,BWA,1998,91.83113098
Botswana,BWA,1999,90.24268341
Botswana,BWA,2000,89.1553421
Botswana,BWA,2001,89.48262024
Botswana,BWA,2002,89.0750885
Botswana,BWA,2003,89.72235107
Botswana,BWA,2004,92.47463989
Botswana,BWA,2005,92.58770752
Botswana,BWA,2006,94.28988647
Botswana,BWA,2007,97.39009857
Botswana,BWA,2008,98.85012817
Botswana,BWA,2009,99.61579895
Botswana,BWA,2012,99.53283691
Botswana,BWA,2013,98.63651276
>>Brunei,,,
Brunei,BRN,2005,84.45471191
Brunei,BRN,2006,84.60494232
Brunei,BRN,2007,82.82800293
Brunei,BRN,2008,84.28372955
Brunei,BRN,2009,84.14013672
Brunei,BRN,2010,87.08931732
Brunei,BRN,2011,88.26728821
Brunei,BRN,2012,88.03862762
Brunei,BRN,2013,85.19055176
Brunei,BRN,2014,87.43756104
>>Burkina Faso,,,
Burkina Faso,BFA,2001,80.41773987
Burkina Faso,BFA,2003,86.84697723
Burkina Faso,BFA,2004,89.49234772
Burkina Faso,BFA,2005,88.25821686
Burkina Faso,BFA,2006,86.9417572
Burkina Faso,BFA,2007,87.66789246
Burkina Faso,BFA,2008,87.66039276
Burkina Faso,BFA,2009,86.11446381
Burkina Faso,BFA,2012,94.83248138
Burkina Faso,BFA,2013,85.58638763
>>Burundi,,,
Burundi,BDI,2005,87.50997925
Burundi,BDI,2007,87.41586304
Burundi,BDI,2009,91.1890564
Burundi,BDI,2011,94.1818924
Burundi,BDI,2012,94.98715973
Burundi,BDI,2014,92.15133667
Cambodia,KHM,2001,95.91410065
Cambodia,KHM,2002,96.0165863
Cambodia,KHM,2003,94.74569702
Cambodia,KHM,2004,96.50102234
Cambodia,KHM,2005,97.68625641
Cambodia,KHM,2006,98.31484985
Cambodia,KHM,2007,98.41390228
Cambodia,KHM,2008,98.21868896
Cambodia,KHM,2009,99.47918701
Cambodia,KHM,2010,99.05554199
Cambodia,KHM,2011,98.92629242
Cambodia,KHM,2012,100
Cambodia,KHM,2013,100
Cambodia,KHM,2014,100
Cameroon,CMR,2003,68.05799103
Cameroon,CMR,2004,68.53399658
Cameroon,CMR,2005,62.74084854
Cameroon,CMR,2006,61.77009964
Cameroon,CMR,2010,57.39352036
Cameroon,CMR,2011,67.14954376
Cameroon,CMR,2012,78.7775116
Cape Verde,CPV,2002,67.15795898
Cape Verde,CPV,2003,69.37996674
Cape Verde,CPV,2004,72.70432281
Cape Verde,CPV,2005,77.80564117
Cape Verde,CPV,2006,81.46417236
Cape Verde,CPV,2007,82.93374634
Cape Verde,CPV,2008,84.70626068
Cape Verde,CPV,2009,86.45832825
Cape Verde,CPV,2010,90.02990723
Cape Verde,CPV,2011,92.09287262
Cape Verde,CPV,2012,94.58728027
Cape Verde,CPV,2014,96.02024078
Cayman Islands,CYM,1999,98.08612061
Cayman Islands,CYM,2000,97.89029694
Cayman Islands,CYM,2001,99.14530182
Cayman Islands,CYM,2002,99.16667175
Cayman Islands,CYM,2004,99.60159302
Cayman Islands,CYM,2005,98.81423187
Cayman Islands,CYM,2006,97.20279694
Cayman Islands,CYM,2007,95.82089996
Cayman Islands,CYM,2008,95.7928772
Cayman Islands,CYM,2011,94.84848022
Cayman Islands,CYM,2012,97.02970123
Cayman Islands,CYM,2013,88.11881256
Central African Republic,CAF,2011,57.48683167
Central African Republic,CAF,2012,57.91701889
Chad,TCD,2009,67.98233032
Chad,TCD,2010,70.16999817
Chad,TCD,2011,68.48084259
Chad,TCD,2012,65.96630096
Chad,TCD,2013,64.98017883
Colombia,COL,2007,100
Colombia,COL,2008,100
Colombia,COL,2009,100
Colombia,COL,2010,100
Colombia,COL,2011,100
Colombia,COL,2012,100
Colombia,COL,2013,97.28327179
Colombia,COL,2014,98.23088074
Comoros,COM,2008,57.42198181
Comoros,COM,2011,55.15353012
Comoros,COM,2013,75.05783844
Congo,COG,2000,64.55294037
Congo,COG,2003,57.1117897
Congo,COG,2004,62.17058945
Congo,COG,2006,88.99645233
Congo,COG,2010,86.77771759
Congo,COG,2011,79.32375336
Congo,COG,2012,80.31706238
Costa Rica,CRI,1999,87.17562103
Costa Rica,CRI,2001,89.54434967
Costa Rica,CRI,2002,88.20726776
Costa Rica,CRI,2004,97.4254303
Costa Rica,CRI,2005,96.78727722
Costa Rica,CRI,2006,88.04312897
Costa Rica,CRI,2007,89.46508026
Costa Rica,CRI,2008,86.04625702
Costa Rica,CRI,2009,87.60038757
Costa Rica,CRI,2010,89.48325348
Costa Rica,CRI,2011,91.44802094
Costa Rica,CRI,2013,93.97543335
Costa Rica,CRI,2014,93.98059082
Cote d'Ivoire,CIV,2000,99.43988037
Cote d'Ivoire,CIV,2001,99.05682373
Cote d'Ivoire,CIV,2003,100
Cote d'Ivoire,CIV,2007,100
Cote d'Ivoire,CIV,2008,100
Cote d'Ivoire,CIV,2009,100
Cote d'Ivoire,CIV,2011,100
Cote d'Ivoire,CIV,2012,99.38442993
Cote d'Ivoire,CIV,2013,82.80793762
Cote d'Ivoire,CIV,2014,84.94438171
Croatia,HRV,1999,100
Croatia,HRV,2000,100
Croatia,HRV,2001,100
Croatia,HRV,2002,100
Croatia,HRV,2003,100
Cuba,CUB,1999,100
Cuba,CUB,2000,100
Cuba,CUB,2001,100
Cuba,CUB,2002,100
Cuba,CUB,2003,100
Cuba,CUB,2004,100
Cuba,CUB,2005,100
Cuba,CUB,2006,100
Cuba,CUB,2007,100
Cuba,CUB,2008,100
Cuba,CUB,2009,100
Cuba,CUB,2010,100
Cuba,CUB,2011,100
Cuba,CUB,2012,100
Cuba,CUB,2013,100
Cuba,CUB,2014,100
Democratic Republic of Congo,COD,2007,96.02397919
Democratic Republic of Congo,COD,2008,93.26744843
Democratic Republic of Congo,COD,2009,93.3934021
Democratic Republic of Congo,COD,2010,91.66748047
Democratic Republic of Congo,COD,2011,89.85311127
Democratic Republic of Congo,COD,2012,93.54589844
Democratic Republic of Congo,COD,2014,94.62352753
Djibouti,DJI,2006,79.09886932
Djibouti,DJI,2008,80.32588959
Djibouti,DJI,2009,100
Djibouti,DJI,2011,100
Djibouti,DJI,2013,96.00431824
Djibouti,DJI,2015,100
Dominica,DMA,1999,63.98025894
Dominica,DMA,2000,64.61794281
Dominica,DMA,2001,61.10211182
Dominica,DMA,2002,60.10187149
Dominica,DMA,2003,60.36363983
Dominica,DMA,2004,63.58382034
Dominica,DMA,2005,59.92293167
Dominica,DMA,2006,64.21662903
Dominica,DMA,2007,61.12223816
Dominica,DMA,2008,59.40000153
Dominica,DMA,2009,57.84313965
Dominica,DMA,2010,60.82677078
Dominica,DMA,2011,57.72993851
Dominica,DMA,2012,60.65890884
Dominica,DMA,2013,65.21739197
Dominica,DMA,2014,64.81481171
Dominican Republic,DOM,1999,73.90953827
Dominican Republic,DOM,2002,79.31468201
Dominican Republic,DOM,2005,88.2693634
Dominican Republic,DOM,2006,88.3256073
Dominican Republic,DOM,2007,88.27012634
Dominican Republic,DOM,2008,89.21383667
Dominican Republic,DOM,2009,83.61071014
Dominican Republic,DOM,2010,84.8571167
Dominican Republic,DOM,2011,84.84960175
Dominican Republic,DOM,2012,85.05393982
Ecuador,ECU,2000,86.97364044
Ecuador,ECU,2001,86.92749023
Ecuador,ECU,2002,68.59825897
Ecuador,ECU,2003,69.91018677
Ecuador,ECU,2004,70.8912735
Ecuador,ECU,2005,71.05345154
Ecuador,ECU,2006,71.0565033
Ecuador,ECU,2007,71.64530945
Ecuador,ECU,2009,82.57428741
Ecuador,ECU,2010,83.79379272
Ecuador,ECU,2011,83.57195282
Ecuador,ECU,2012,83.8314209
Ecuador,ECU,2013,84.68084717
Ecuador,ECU,2014,81.63304901
Egypt,EGY,2013,72.15677643
Egypt,EGY,2014,72.70394135
El Salvador,SLV,2003,96.24736786
El Salvador,SLV,2004,95.7084198
El Salvador,SLV,2005,94.87158203
El Salvador,SLV,2006,94.04176331
El Salvador,SLV,2007,93.31316376
El Salvador,SLV,2008,93.16465759
El Salvador,SLV,2009,92.6730423
El Salvador,SLV,2011,95.5746994
Equatorial Guinea,GNQ,2008,50.96551895
Equatorial Guinea,GNQ,2009,42.69762039
Equatorial Guinea,GNQ,2010,45.2571106
Equatorial Guinea,GNQ,2011,48.82674026
Eritrea,ERI,1999,72.77617645
Eritrea,ERI,2000,71.96981812
Eritrea,ERI,2001,70.47090912
Eritrea,ERI,2002,72.61936951
Eritrea,ERI,2003,80.52268982
Eritrea,ERI,2004,83.09472656
Eritrea,ERI,2005,83.60614014
Eritrea,ERI,2006,87.52432251
Eritrea,ERI,2007,87.10514832
Eritrea,ERI,2008,90.19286346
Eritrea,ERI,2009,92.24558258
Eritrea,ERI,2010,93.81552887
Eritrea,ERI,2011,90.97870636
Eritrea,ERI,2012,89.55425262
Eritrea,ERI,2013,79.86174774
Ethiopia,ETH,2008,89.7170105
Ethiopia,ETH,2009,84.60987091
Ethiopia,ETH,2010,39.36257172
Ethiopia,ETH,2011,47.97409058
Ethiopia,ETH,2012,56.84881973
Ethiopia,ETH,2014,95
Europe & Central Asia,,2006,94.46006012
Europe & Central Asia,,2008,95.29466248
Europe & Central Asia,,2009,95.00727081
Fiji,FJI,2008,97.7913208
Fiji,FJI,2011,100
Fiji,FJI,2012,100
Gabon,GAB,2001,95.25837708
Gabon,GAB,2003,100
Gambia,GMB,2000,74.7427063
Gambia,GMB,2011,89.74317169
Gambia,GMB,2013,81.91699982
Gambia,GMB,2014,84.11039734
Georgia,GEO,2000,94.69911194
Georgia,GEO,2001,94.68193054
Georgia,GEO,2003,97.35758209
Georgia,GEO,2008,94.98885345
Georgia,GEO,2009,94.58984375
Ghana,GHA,1999,71.79637146
Ghana,GHA,2000,69.09326172
Ghana,GHA,2001,68.6124115
Ghana,GHA,2002,64.94438171
Ghana,GHA,2003,62.88047028
Ghana,GHA,2004,60.71372986
Ghana,GHA,2005,57.87540054
Ghana,GHA,2006,56.3039093
Ghana,GHA,2007,53.01119995
Ghana,GHA,2008,49.07107925
Ghana,GHA,2009,47.56668854
Ghana,GHA,2011,50.60028076
Ghana,GHA,2012,52.26588058
Ghana,GHA,2013,53.30442047
Ghana,GHA,2014,52.39775848
Ghana,GHA,2015,54.69451904
Gibraltar,GIB,1999,98.91304016
Gibraltar,GIB,2000,99.04762268
Gibraltar,GIB,2001,100
Gibraltar,GIB,2008,100
Gibraltar,GIB,2009,99.50739288
Grenada,GRD,2000,67.21105957
Grenada,GRD,2001,70.06536102
Grenada,GRD,2003,68.01802063
Grenada,GRD,2005,75.34765625
Grenada,GRD,2007,69.46038818
Grenada,GRD,2008,73.49593353
Grenada,GRD,2009,68.79518127
Grenada,GRD,2010,65.3348999
Grenada,GRD,2013,53.71429062
Grenada,GRD,2014,62.97117996
Guinea,GIN,2005,68.0819397
Guinea,GIN,2006,67.69508362
Guinea,GIN,2008,82.14527893
Guinea,GIN,2011,80.3763504
Guinea,GIN,2012,74.5147171
Guinea,GIN,2013,74.11840057
Guinea,GIN,2014,75.00395203
Guinea-Bissau,GNB,2000,35.12482071
Guinea-Bissau,GNB,2010,38.93130112
Guyana,GUY,1999,51.74042892
Guyana,GUY,2000,51.43270111
Guyana,GUY,2001,53.06996918
Guyana,GUY,2003,57.47483826
Guyana,GUY,2005,57.20460892
Guyana,GUY,2007,57.27294922
Guyana,GUY,2008,58.49190903
Guyana,GUY,2009,63.69863129
Guyana,GUY,2010,66.06301117
Guyana,GUY,2011,67.69690704
Guyana,GUY,2012,69.64942169
Heavily indebted poor countries (HIPC),,2000,86.00669098
Heavily indebted poor countries (HIPC),,2001,84.19603729
Heavily indebted poor countries (HIPC),,2002,82.23522949
Heavily indebted poor countries (HIPC),,2003,81.67281342
Heavily indebted poor countries (HIPC),,2004,81.2454071
Heavily indebted poor countries (HIPC),,2005,80.92729187
Heavily indebted poor countries (HIPC),,2006,81.18673706
Heavily indebted poor countries (HIPC),,2007,80.98409271
Heavily indebted poor countries (HIPC),,2008,78.21304321
Heavily indebted poor countries (HIPC),,2009,78.01287079
Heavily indebted poor countries (HIPC),,2010,72.24973297
Heavily indebted poor countries (HIPC),,2011,73.53443909
Heavily indebted poor countries (HIPC),,2012,75.26815796
Heavily indebted poor countries (HIPC),,2013,76.0953598
Heavily indebted poor countries (HIPC),,2014,75.91544342
Honduras,HND,2004,87.21343994
Hong Kong,HKG,1998,84.90000153
Hong Kong,HKG,1999,86.38973236
Hong Kong,HKG,2000,87.54923248
Hong Kong,HKG,2001,89.3990097
Hong Kong,HKG,2002,90.62563324
Hong Kong,HKG,2003,91.14247131
Hong Kong,HKG,2004,91.84921265
Hong Kong,HKG,2005,93.16416931
Hong Kong,HKG,2006,94.8320694
Hong Kong,HKG,2007,94.5602417
Hong Kong,HKG,2008,95.11988068
Hong Kong,HKG,2009,95.12415314
Hong Kong,HKG,2010,95.6056366
Hong Kong,HKG,2011,95.79129028
Hong Kong,HKG,2012,95.79184723
Hong Kong,HKG,2013,96.00715637
Hong Kong,HKG,2014,96.41133118
Iran,IRN,2001,98.40332794
Iran,IRN,2003,100
Iran,IRN,2006,95.84246063
Iran,IRN,2007,98.66213989
Iran,IRN,2008,98.44019318
Iran,IRN,2013,100
Iran,IRN,2014,100
Iraq,IRQ,2000,100
Iraq,IRQ,2004,100
Jamaica,JAM,2013,69.75549316
Jamaica,JAM,2014,95.66155243
Kazakhstan,KAZ,2014,100
Kazakhstan,KAZ,2015,100
Kenya,KEN,2003,98.69199371
Kenya,KEN,2004,98.80113983
Kenya,KEN,2005,98.91325378
Kenya,KEN,2006,99.43491364
Kenya,KEN,2007,98.69641876
Kenya,KEN,2008,98.41615295
Kenya,KEN,2009,96.80731201
Kiribati,KIR,2005,93.88378906
Kiribati,KIR,2006,84.32343292
Kiribati,KIR,2007,90.4538269
Kiribati,KIR,2008,85.42636108
Kuwait,KWT,1999,100
Kuwait,KWT,2000,100
Kuwait,KWT,2001,100
Kuwait,KWT,2003,100
Kuwait,KWT,2004,100
Kuwait,KWT,2005,100
Kuwait,KWT,2006,100
Kuwait,KWT,2007,100
Kuwait,KWT,2008,100
Kuwait,KWT,2009,100
Kuwait,KWT,2011,77.61997986
Kuwait,KWT,2012,77.74416351
Kuwait,KWT,2013,77.15550232
Kuwait,KWT,2014,79.48969269
Kyrgyzstan,KGZ,1999,47.733181
Kyrgyzstan,KGZ,2000,46.34931183
Kyrgyzstan,KGZ,2001,48.43209076
Kyrgyzstan,KGZ,2002,49.25769043
Kyrgyzstan,KGZ,2003,52.01893997
Kyrgyzstan,KGZ,2004,54.81708145
Kyrgyzstan,KGZ,2005,57.96152878
Kyrgyzstan,KGZ,2006,61.25640106
Kyrgyzstan,KGZ,2007,62.3573494
Kyrgyzstan,KGZ,2008,64.37908173
Kyrgyzstan,KGZ,2009,65.74822235
Kyrgyzstan,KGZ,2010,68.41320038
Kyrgyzstan,KGZ,2011,69.65776825
Kyrgyzstan,KGZ,2012,71.97357941
Laos,LAO,1999,75.71539307
Laos,LAO,2000,76.69252014
Laos,LAO,2001,76.24073792
Laos,LAO,2002,76.14994049
Laos,LAO,2003,77.5226593
Laos,LAO,2004,79.35346222
Laos,LAO,2005,83.38104248
Laos,LAO,2006,85.75901794
Laos,LAO,2007,89.67031097
Laos,LAO,2008,96.88568115
Laos,LAO,2009,91.98742676
Laos,LAO,2010,95.40306091
Laos,LAO,2011,93.76638031
Laos,LAO,2012,97.23808289
Laos,LAO,2013,97.98023987
Laos,LAO,2014,98.28128815
Latin America & Caribbean,,2006,88.2587738
Latin America & Caribbean,,2007,89.41149139
Latin America & Caribbean,,2008,88.31565857
Latin America & Caribbean,,2009,88.40792847
Latin America & Caribbean,,2010,87.66259766
Latin America & Caribbean,,2011,86.72353363
Latin America & Caribbean (all income levels),,2006,88.08873749
Latin America & Caribbean (all income levels),,2007,89.22657776
Latin America & Caribbean (all income levels),,2008,88.12212372
Latin America & Caribbean (all income levels),,2009,88.19297028
Latin America & Caribbean (all income levels),,2010,87.46163177
Latin America & Caribbean (all income levels),,2011,86.59464264
Least developed countries: UN classification,,2000,77.62033844
Least developed countries: UN classification,,2001,76.32579041
Least developed countries: UN classification,,2002,76.31768036
Least developed countries: UN classification,,2003,75.64102173
Least developed countries: UN classification,,2004,75.59188843
Least developed countries: UN classification,,2005,76.43248749
Least developed countries: UN classification,,2006,78.64906311
Least developed countries: UN classification,,2007,79.09564209
Least developed countries: UN classification,,2008,77.64768219
Least developed countries: UN classification,,2009,78.10101318
Least developed countries: UN classification,,2010,74.13835907
Least developed countries: UN classification,,2011,74.17829132
Least developed countries: UN classification,,2012,75.89830017
Least developed countries: UN classification,,2013,76.95799255
Least developed countries: UN classification,,2014,77.77501678
Lebanon,LBN,2013,91.03424835
Lebanon,LBN,2014,96.99362183
Lesotho,LSO,1999,78.06687164
Lesotho,LSO,2000,74.18978882
Lesotho,LSO,2001,74.84593201
Lesotho,LSO,2002,72.58644104
Lesotho,LSO,2003,67.33376312
Lesotho,LSO,2004,65.47583008
Lesotho,LSO,2005,63.67934036
Lesotho,LSO,2006,66.70185852
Lesotho,LSO,2007,71.81295013
Lesotho,LSO,2008,57.02149963
Lesotho,LSO,2009,57.60229111
Lesotho,LSO,2010,63.38199997
Lesotho,LSO,2011,66.45279694
Lesotho,LSO,2012,67.54463959
Lesotho,LSO,2013,72.03285217
Lesotho,LSO,2014,75.78579712
Liberia,LBR,2006,39.57617188
Liberia,LBR,2008,40.1133194
Liberia,LBR,2009,47.76673126
Liberia,LBR,2011,56.36711121
Liberia,LBR,2014,56.38850021
Low income,,2000,78.52307892
Low income,,2001,77.34954071
Low income,,2002,77.16982269
Low income,,2003,76.46038055
Low income,,2004,76.38365173
Low income,,2005,78.36270142
Low income,,2006,79.82279968
Low income,,2007,81.00756073
Low income,,2008,79.03636932
Low income,,2009,78.3984375
Low income,,2010,72.4920578
Low income,,2011,74.64253235
Low income,,2012,77.26455688
Low income,,2013,78.83998871
Low income,,2014,79.68887329
Lower middle income,,2012,83.03897095
Macao,MAC,1999,80.99668121
Macao,MAC,2000,83.52345276
Macao,MAC,2001,87.2287674
Macao,MAC,2002,89.66584015
Macao,MAC,2003,90.40248108
Macao,MAC,2004,90.9313736
Macao,MAC,2005,90.80174255
Macao,MAC,2006,88.93012238
Macao,MAC,2007,88.87515259
Macao,MAC,2008,86.29563141
Macao,MAC,2009,85.99369049
Macao,MAC,2010,84.71781921
Macao,MAC,2011,85.83020782
Macao,MAC,2012,87.98256683
Macao,MAC,2013,88.16275787
Macao,MAC,2014,88.19651794
Madagascar,MDG,2012,20.98621941
Madagascar,MDG,2013,18.91444016
Madagascar,MDG,2014,16.66275024
Malawi,MWI,1999,53.54344177
Malawi,MWI,2007,88.38221741
Malawi,MWI,2008,87.17237854
Malawi,MWI,2010,95.91278076
Malawi,MWI,2011,88.44660187
Malawi,MWI,2012,91.62832642
Malawi,MWI,2013,90.80982971
Malaysia,MYS,1999,97.10691071
Malaysia,MYS,2000,97.85160065
Malaysia,MYS,2001,97.45838928
Malaysia,MYS,2002,94.91262817
Malaysia,MYS,2003,91.02599335
Malaysia,MYS,2004,91.04781342
Malaysia,MYS,2005,91.88585663
Malaysia,MYS,2006,95.08400726
Malaysia,MYS,2007,93.55487061
Malaysia,MYS,2008,93.25990295
Malaysia,MYS,2009,94.59268951
Malaysia,MYS,2010,95.35569
Malaysia,MYS,2011,96.12114716
Malaysia,MYS,2012,96.43276215
Malaysia,MYS,2013,96.71330261
Malaysia,MYS,2014,98.64774323
Maldives,MDV,1998,68.87700653
Maldives,MDV,1999,66.66667175
Maldives,MDV,2000,66.45101929
Maldives,MDV,2001,66.94136047
Maldives,MDV,2002,63.82292938
Maldives,MDV,2003,60.81229019
Maldives,MDV,2005,64.29563141
Maldives,MDV,2006,67.59591675
Maldives,MDV,2007,65.86773682
Maldives,MDV,2008,67.92453003
Maldives,MDV,2009,74.09194183
Maldives,MDV,2010,76.9572525
Maldives,MDV,2011,80.76335907
Maldives,MDV,2012,77.47429657
Maldives,MDV,2013,90.12020111
Maldives,MDV,2014,86.05711365
Mali,MLI,2008,50.14390182
Mali,MLI,2009,49.98308182
Mali,MLI,2011,52.42385101
Mauritania,MRT,2004,100
Mauritania,MRT,2005,100
Mauritania,MRT,2006,100
Mauritania,MRT,2007,100
Mauritania,MRT,2008,100
Mauritania,MRT,2009,100
Mauritania,MRT,2010,100
Mauritania,MRT,2011,100
Mauritania,MRT,2012,100
Mauritania,MRT,2014,91.21727753
Mauritius,MUS,1998,100
Mauritius,MUS,1999,100
Mauritius,MUS,2000,100
Mauritius,MUS,2001,100
Mauritius,MUS,2002,100
Mauritius,MUS,2004,100
Mauritius,MUS,2005,100
Mauritius,MUS,2006,100
Mauritius,MUS,2007,100
Mauritius,MUS,2008,100
Mauritius,MUS,2009,100
Mauritius,MUS,2010,100
Mauritius,MUS,2011,100
Mauritius,MUS,2012,100
Mauritius,MUS,2013,100
Mauritius,MUS,2014,100
Mexico,MEX,2004,94.50382233
Mexico,MEX,2005,94.93443298
Mexico,MEX,2006,95.15332794
Mexico,MEX,2007,95.36856842
Mexico,MEX,2008,95.04649353
Mexico,MEX,2009,95.58815765
Mexico,MEX,2010,95.58590698
Middle East & North Africa,,2000,97.4125824
Middle East & North Africa,,2001,96.7609024
Middle East & North Africa,,2002,96.64943695
Middle East & North Africa,,2003,96.95432281
Middle East & North Africa,,2004,97.27822876
Middle East & North Africa,,2005,94.94862366
Middle East & North Africa,,2006,93.167099
Middle East & North Africa,,2007,92.36087036
Middle East & North Africa,,2008,91.66014862
Middle East & North Africa,,2009,91.08187103
Middle East & North Africa,,2010,91.12982178
Middle East & North Africa,,2012,82.15899658
Middle East & North Africa,,2013,84.5076828
Middle East & North Africa,,2014,84.24157715
Middle East & North Africa (all income levels),,2000,97.41217804
Middle East & North Africa (all income levels),,2001,96.84848022
Middle East & North Africa (all income levels),,2002,96.64040375
Middle East & North Africa (all income levels),,2003,96.95664215
Middle East & North Africa (all income levels),,2004,97.13282013
Middle East & North Africa (all income levels),,2005,94.59529877
Middle East & North Africa (all income levels),,2006,92.96927643
Middle East & North Africa (all income levels),,2007,92.26203918
Middle East & North Africa (all income levels),,2008,91.74755096
Middle East & North Africa (all income levels),,2009,92.41818237
Middle East & North Africa (all income levels),,2010,92.44080353
Middle East & North Africa (all income levels),,2011,86.65461731
Middle East & North Africa (all income levels),,2012,85.07527161
Middle East & North Africa (all income levels),,2013,87.09484863
Middle East & North Africa (all income levels),,2014,86.97683716
Moldova,MDA,2014,93.81906128
Mongolia,MNG,1998,100
Mongolia,MNG,1999,100
Mongolia,MNG,2000,100
Mongolia,MNG,2001,100
Mongolia,MNG,2002,100
Mongolia,MNG,2003,100
Mongolia,MNG,2004,100
Mongolia,MNG,2005,100
Mongolia,MNG,2006,100
Mongolia,MNG,2007,100
Mongolia,MNG,2008,100
Mongolia,MNG,2009,100
Mongolia,MNG,2010,97.5717392
Mongolia,MNG,2011,98.54289246
Mongolia,MNG,2012,99.36070251
Mongolia,MNG,2013,100
Mongolia,MNG,2014,100
Morocco,MAR,2005,100
Morocco,MAR,2007,100
Morocco,MAR,2008,100
Morocco,MAR,2009,100
Morocco,MAR,2010,100
Morocco,MAR,2011,100
Morocco,MAR,2012,100
Morocco,MAR,2013,100
Morocco,MAR,2014,100
Mozambique,MOZ,2005,59.83275986
Mozambique,MOZ,2006,64.56758881
Mozambique,MOZ,2007,63.19168854
Mozambique,MOZ,2008,66.9675293
Mozambique,MOZ,2009,71.15753937
Mozambique,MOZ,2010,75.94307709
Mozambique,MOZ,2011,80.10401154
Mozambique,MOZ,2012,83.63948822
Mozambique,MOZ,2013,87.32588959
Mozambique,MOZ,2014,89.95684814
Myanmar,MMR,1999,59.57617188
Myanmar,MMR,2000,62.70185089
Myanmar,MMR,2001,60.42932892
Myanmar,MMR,2002,72.48461914
Myanmar,MMR,2003,73.6652832
Myanmar,MMR,2004,76.39263153
Myanmar,MMR,2005,76.00025177
Myanmar,MMR,2006,98.2713089
Myanmar,MMR,2007,99.00005341
Myanmar,MMR,2008,98.9996109
Myanmar,MMR,2009,98.86985016
Myanmar,MMR,2010,99.86018372
Myanmar,MMR,2014,99.54798889
Namibia,NAM,1998,76.32582092
Namibia,NAM,1999,80.93184662
Namibia,NAM,2000,85.39791107
Namibia,NAM,2001,87.11344147
Namibia,NAM,2002,87.2243576
Namibia,NAM,2003,90.05106354
Namibia,NAM,2004,91.74800873
Namibia,NAM,2005,92.42736053
Namibia,NAM,2006,92.8984375
Namibia,NAM,2007,94.8080368
Namibia,NAM,2008,94.99783325
Namibia,NAM,2009,95.5756073
Namibia,NAM,2010,96.3888092
Nauru,NRU,2007,74.19355011
Nepal,NPL,1999,15.00032997
Nepal,NPL,2001,15.37102032
Nepal,NPL,2002,14.68150997
Nepal,NPL,2003,16.22720909
Nepal,NPL,2004,17.38607979
Nepal,NPL,2005,30.51446915
Nepal,NPL,2007,61.3603096
Nepal,NPL,2008,66.43615723
Nepal,NPL,2010,73.6608963
Nepal,NPL,2011,80.72852325
Nepal,NPL,2012,92.55902863
Nepal,NPL,2013,92.1852417
Nepal,NPL,2014,93.58152008
Nepal,NPL,2015,94.42307281
Nicaragua,NIC,1998,73.60048676
Nicaragua,NIC,1999,79.19979858
Nicaragua,NIC,2000,72.89663696
Nicaragua,NIC,2001,72.85031891
Nicaragua,NIC,2002,74.22786713
Nicaragua,NIC,2004,74.61615753
Nicaragua,NIC,2005,76.94493103
Nicaragua,NIC,2006,73.56658173
Nicaragua,NIC,2007,72.2457428
Nicaragua,NIC,2008,72.744133
Nicaragua,NIC,2010,74.86180115
Niger,NER,1999,97.75211334
Niger,NER,2000,97.35420227
Niger,NER,2001,79.88894653
Niger,NER,2002,69.62745667
Niger,NER,2003,72.45658112
Niger,NER,2004,75.75013733
Niger,NER,2005,85.00122833
Niger,NER,2006,91.90782166
Niger,NER,2007,98.23648071
Niger,NER,2008,98.43772888
Niger,NER,2009,98.01354218
Niger,NER,2010,96.69425201
Niger,NER,2011,96.43090057
Niger,NER,2012,97.08766937
Niger,NER,2013,45.84346008
Niger,NER,2014,50.08322144
Nigeria,NGA,2004,49.23535156
Nigeria,NGA,2005,49.9666214
Nigeria,NGA,2006,51.22497177
Nigeria,NGA,2010,66.14849854
Oman,OMN,1999,99.55719757
Oman,OMN,2000,99.60311127
Oman,OMN,2001,99.81334686
Pakistan,PAK,2004,78.04485321
Pakistan,PAK,2005,85.50682068
Pakistan,PAK,2006,84.57985687
Pakistan,PAK,2007,84.03607178
Pakistan,PAK,2008,85.06214905
Pakistan,PAK,2009,85.18784332
Pakistan,PAK,2010,84.22619629
Pakistan,PAK,2011,82.80512238
Pakistan,PAK,2012,83.90705872
Pakistan,PAK,2013,84.89832306
Pakistan,PAK,2014,84.01316833
Palestine,PSE,1999,100
Palestine,PSE,2000,100
Palestine,PSE,2001,100
Palestine,PSE,2002,100
Palestine,PSE,2003,100
Palestine,PSE,2004,100
Palestine,PSE,2005,100
Palestine,PSE,2007,100
Palestine,PSE,2008,100
Palestine,PSE,2009,100
Palestine,PSE,2010,100
Palestine,PSE,2011,100
Palestine,PSE,2012,100
Palestine,PSE,2013,100
Palestine,PSE,2014,100
Panama,PAN,1999,78.97670746
Panama,PAN,2000,74.89343262
Panama,PAN,2001,75.66745758
Panama,PAN,2002,75.31221008
Panama,PAN,2004,74.33731842
Panama,PAN,2005,89.64565277
Panama,PAN,2006,91.13342285
Panama,PAN,2007,90.81009674
Panama,PAN,2008,91.34175873
Panama,PAN,2009,91.53932953
Panama,PAN,2010,91.63021088
Panama,PAN,2011,91.51663971
Panama,PAN,2012,90.40331268
Paraguay,PRY,2012,92.0764389
Philippines,PHL,2013,100
Qatar,QAT,2008,52.33675003
Qatar,QAT,2009,48.88653183
Rwanda,RWA,1999,48.63463974
Rwanda,RWA,2000,52.58311844
Rwanda,RWA,2001,62.70471954
Rwanda,RWA,2002,81.16738129
Rwanda,RWA,2003,85.18247223
Rwanda,RWA,2004,81.71231842
Rwanda,RWA,2005,93.73143768
Rwanda,RWA,2006,98.29943848
Rwanda,RWA,2007,98.0700531
Rwanda,RWA,2008,94.16166687
Rwanda,RWA,2009,93.87177277
Rwanda,RWA,2010,91.4790802
Rwanda,RWA,2011,98.42675781
Rwanda,RWA,2012,95.55908203
Rwanda,RWA,2013,95.20406342
Saint Kitts and Nevis,KNA,1998,62.5
Saint Kitts and Nevis,KNA,2000,61.2359581
Saint Kitts and Nevis,KNA,2001,55.77465057
Saint Kitts and Nevis,KNA,2002,54.4041481
Saint Kitts and Nevis,KNA,2003,55.70652008
Saint Kitts and Nevis,KNA,2004,55.04087067
Saint Kitts and Nevis,KNA,2005,58.33332825
Saint Kitts and Nevis,KNA,2007,61.82796097
Saint Kitts and Nevis,KNA,2008,63.59101868
Saint Kitts and Nevis,KNA,2009,61.62527847
Saint Kitts and Nevis,KNA,2010,61.62527847
Saint Kitts and Nevis,KNA,2011,63.61656189
Saint Kitts and Nevis,KNA,2012,64.67532349
Saint Kitts and Nevis,KNA,2013,64.67532349
Saint Kitts and Nevis,KNA,2014,68.32917786
Saint Lucia,LCA,2001,72.14829254
Saint Lucia,LCA,2003,77.33454132
Saint Lucia,LCA,2004,77.80951691
Saint Lucia,LCA,2005,79.96272278
Saint Lucia,LCA,2006,79.84343719
Saint Lucia,LCA,2007,82.14653778
Saint Lucia,LCA,2008,87.83231354
Saint Lucia,LCA,2009,87.63600159
Saint Lucia,LCA,2010,86.77449799
Saint Lucia,LCA,2011,86.74136353
Saint Lucia,LCA,2012,87.76091003
Saint Lucia,LCA,2013,88.6384964
Saint Lucia,LCA,2014,78.78289032
Saint Vincent and the Grenadines,VCT,1998,59.28499985
Saint Vincent and the Grenadines,VCT,1999,66.1354599
Saint Vincent and the Grenadines,VCT,2001,71.71315002
Saint Vincent and the Grenadines,VCT,2002,69.20877075
Saint Vincent and the Grenadines,VCT,2003,73.1385498
Saint Vincent and the Grenadines,VCT,2004,72.20039368
Saint Vincent and the Grenadines,VCT,2007,77.59913635
Saint Vincent and the Grenadines,VCT,2008,82.96942902
Saint Vincent and the Grenadines,VCT,2009,79.63594818
Saint Vincent and the Grenadines,VCT,2010,84.10372162
Saint Vincent and the Grenadines,VCT,2012,85.29075623
Saint Vincent and the Grenadines,VCT,2013,82.69663239
Saint Vincent and the Grenadines,VCT,2014,76.05139923
Sao Tome and Principe,STP,2009,48.10224915
Sao Tome and Principe,STP,2014,33.0170784
Sao Tome and Principe,STP,2015,34.35115051
Saudi Arabia,SAU,2007,91.49690247
Saudi Arabia,SAU,2013,100
Saudi Arabia,SAU,2014,100
Senegal,SEN,2003,55.37905884
Senegal,SEN,2004,50.84206009
Senegal,SEN,2005,45.69770813
Senegal,SEN,2006,49.69535065
Senegal,SEN,2007,46.03868866
Senegal,SEN,2008,46.18381119
Senegal,SEN,2009,42.56055069
Senegal,SEN,2010,47.85285187
Senegal,SEN,2012,64.72177124
Senegal,SEN,2014,69.96822357
Serbia,SRB,2007,100
Serbia,SRB,2009,94.21743011
Serbia,SRB,2011,70.42041779
Serbia,SRB,2012,55.73442841
Seychelles,SYC,1998,83.68901825
Seychelles,SYC,1999,82.25805664
Seychelles,SYC,2000,81.14035034
Seychelles,SYC,2003,77.92592621
Seychelles,SYC,2009,99.35897064
Seychelles,SYC,2011,86.7378006
Sierra Leone,SLE,2011,48.01836014
Sierra Leone,SLE,2012,54.60126114
Sierra Leone,SLE,2013,57.11605835
Singapore,SGP,2007,96.0591507
Singapore,SGP,2008,97.07568359
Singapore,SGP,2009,94.34677124
Solomon Islands,SLB,2010,57.96617126
Solomon Islands,SLB,2011,53.54439926
Solomon Islands,SLB,2012,54.30644989
Solomon Islands,SLB,2013,63.34016037
Solomon Islands,SLB,2014,64.61447144
South Africa,ZAF,1999,63.25986099
South Africa,ZAF,2000,67.94187164
South Africa,ZAF,2001,67.61562347
South Africa,ZAF,2002,77.92154694
South Sudan,SSD,2011,44.02709961
Sri Lanka,LKA,2010,82.1101532
Sri Lanka,LKA,2011,82.39038086
Sri Lanka,LKA,2013,80.24323273
Sub-Saharan Africa,,2000,81.51756287
Sub-Saharan Africa,,2001,79.2229538
Sub-Saharan Africa,,2002,79.44007874
Sub-Saharan Africa,,2003,77.7926178
Sub-Saharan Africa,,2004,76.03463745
Sub-Saharan Africa,,2005,75.58612061
Sub-Saharan Africa,,2006,77.03669739
Sub-Saharan Africa,,2007,75.24105072
Sub-Saharan Africa,,2008,75.96881866
Sub-Saharan Africa,,2009,76.77008057
Sub-Saharan Africa,,2010,73.46430969
Sub-Saharan Africa,,2011,73.77355194
Sub-Saharan Africa,,2012,74.92169952
Sub-Saharan Africa,,2013,74.67312622
Sub-Saharan Africa,,2014,74.65399933
Sub-Saharan Africa (all income levels),,2000,81.5174408
Sub-Saharan Africa (all income levels),,2001,79.22210693
Sub-Saharan Africa (all income levels),,2002,79.43943024
Sub-Saharan Africa (all income levels),,2003,77.79266357
Sub-Saharan Africa (all income levels),,2004,76.03621674
Sub-Saharan Africa (all income levels),,2005,75.58796692
Sub-Saharan Africa (all income levels),,2006,77.03817749
Sub-Saharan Africa (all income levels),,2007,75.24294281
Sub-Saharan Africa (all income levels),,2008,75.97200775
Sub-Saharan Africa (all income levels),,2009,76.77458954
Sub-Saharan Africa (all income levels),,2010,73.46694183
Sub-Saharan Africa (all income levels),,2011,73.77604675
Sub-Saharan Africa (all income levels),,2012,74.92310333
Sub-Saharan Africa (all income levels),,2013,74.67517853
Sub-Saharan Africa (all income levels),,2014,74.65518188
Suriname,SUR,2008,100
Suriname,SUR,2009,100
Suriname,SUR,2013,93.56198883
Suriname,SUR,2014,5.863890171
Swaziland,SWZ,1999,91.12840271
Swaziland,SWZ,2000,90.38292694
Swaziland,SWZ,2002,90.57528687
Swaziland,SWZ,2003,90.55388641
Swaziland,SWZ,2004,90.52973938
Swaziland,SWZ,2005,90.77288055
Swaziland,SWZ,2006,92.18070984
Swaziland,SWZ,2007,94.04380035
Swaziland,SWZ,2009,84.18605042
Swaziland,SWZ,2010,79.33807373
Swaziland,SWZ,2011,77.56295776
Swaziland,SWZ,2012,67.58101654
Swaziland,SWZ,2013,79.14659119
Syria,SYR,1999,81.10308075
Syria,SYR,2000,89.21264648
Syria,SYR,2001,87.95133972
Syria,SYR,2002,88.38903046
Tajikistan,TJK,2001,81.58956909
Tajikistan,TJK,2002,81.57401276
Tajikistan,TJK,2003,81.97554779
Tajikistan,TJK,2004,84.06072998
Tajikistan,TJK,2006,93.04897308
Tajikistan,TJK,2007,87.40868378
Tajikistan,TJK,2008,88.30003357
Tajikistan,TJK,2009,89.52004242
Tajikistan,TJK,2010,92.93756866
Tajikistan,TJK,2011,93.66168213
Tajikistan,TJK,2012,93.91297913
Tajikistan,TJK,2013,94.07849884
Tajikistan,TJK,2014,100
Tajikistan,TJK,2015,100
Tanzania,TZA,2001,100
Tanzania,TZA,2002,100
Tanzania,TZA,2004,100
Tanzania,TZA,2005,100
Tanzania,TZA,2006,100
Tanzania,TZA,2007,100
Tanzania,TZA,2009,100
Tanzania,TZA,2010,94.49945068
Tanzania,TZA,2012,96.60031128
Tanzania,TZA,2013,98.98621368
Thailand,THA,2014,100
Togo,TGO,1999,31.12476921
Togo,TGO,2010,76.70282745
Togo,TGO,2011,70.79670715
Togo,TGO,2012,82.13861084
Togo,TGO,2013,76.06690979
Tonga,TON,1998,87.23403931
Tonga,TON,2013,99.55223846
Tonga,TON,2014,97.05882263
Trinidad and Tobago,TTO,1999,71.4515686
Trinidad and Tobago,TTO,2000,76.07731628
Trinidad and Tobago,TTO,2001,78.14644623
Trinidad and Tobago,TTO,2002,79.95838928
Trinidad and Tobago,TTO,2003,83.30053711
Trinidad and Tobago,TTO,2004,81.00523376
Trinidad and Tobago,TTO,2007,88.55709076
Trinidad and Tobago,TTO,2008,86.58888245
Trinidad and Tobago,TTO,2009,87.99517059
Tunisia,TUN,2012,100
Tunisia,TUN,2013,100
Tunisia,TUN,2014,100
Turks and Caicos Islands,TCA,1999,79.79798126
Turks and Caicos Islands,TCA,2001,76.42276001
Turks and Caicos Islands,TCA,2002,84.03360748
Turks and Caicos Islands,TCA,2003,84.03360748
Turks and Caicos Islands,TCA,2014,89.12281036
Turks and Caicos Islands,TCA,2015,90.41095734
Uganda,UGA,2002,80.5067215
Uganda,UGA,2004,80.37625885
Uganda,UGA,2005,84.81964874
Uganda,UGA,2007,93.3603363
Uganda,UGA,2008,89.41610718
Uganda,UGA,2011,94.77413177
Ukraine,UKR,1999,99.87059021
Ukraine,UKR,2000,98.57280731
Ukraine,UKR,2001,99.82453156
Ukraine,UKR,2002,99.67008972
Ukraine,UKR,2003,99.70365143
Ukraine,UKR,2004,99.72767639
Ukraine,UKR,2005,99.69046783
Ukraine,UKR,2006,99.63478851
Ukraine,UKR,2007,99.8026886
Ukraine,UKR,2008,99.81504059
Ukraine,UKR,2009,99.8555603
Ukraine,UKR,2010,99.86276245
Ukraine,UKR,2011,99.87239075
Ukraine,UKR,2012,99.88831329
United Arab Emirates,ARE,2004,60.8508606
United Arab Emirates,ARE,2005,59.96522903
United Arab Emirates,ARE,2012,100
United Arab Emirates,ARE,2013,100
United Arab Emirates,ARE,2014,100
Uzbekistan,UZB,2006,100
Uzbekistan,UZB,2007,100
Uzbekistan,UZB,2008,100
Uzbekistan,UZB,2009,100
Uzbekistan,UZB,2010,100
Uzbekistan,UZB,2011,100
Vanuatu,VUT,2007,100
Vietnam,VNM,1999,77.65357208
Vietnam,VNM,2000,80.04963684
Vietnam,VNM,2001,84.9499588
Vietnam,VNM,2002,87.01244354
Vietnam,VNM,2005,93.37010193
Vietnam,VNM,2006,95.63951874
Vietnam,VNM,2007,97.79332733
Vietnam,VNM,2008,98.62724304
Vietnam,VNM,2009,99.63995361
Vietnam,VNM,2010,98.33486938
Vietnam,VNM,2011,99.30258179
Vietnam,VNM,2012,99.58830261
Vietnam,VNM,2014,100
Zambia,ZMB,1998,89.92539215
Zambia,ZMB,1999,94.18157196
Zambia,ZMB,2012,92.6558609
Zimbabwe,ZWE,1998,79.28751373
Zimbabwe,ZWE,2012,88.15412903
Zimbabwe,ZWE,2013,85.86290741
